Metric,Value
MAE,1.1887832293448621
RMSE,1.490025922710712
R²,-0.008143285841954784
